{"cameraMode":{"drawMode":0,"name":"Shaded","section":"Shading Mode"},"sceneLighting":false,"audioPlay":false,"sceneViewState":{"showFog":true,"showMaterialUpdate":true,"showSkybox":true,"showFlares":true,"showImageEffects":true,"showParticleSystems":true},"in2DMode":false,"pivot":{"x":0.08424568176269531,"y":5.383829116821289,"z":0.1188211441040039},"rotation":{"x":-0.1376708447933197,"y":-0.590339720249176,"z":0.1030588448047638,"w":-0.7886219620704651},"size":40.857730865478519,"orthographic":false}