{"cameraMode":{"drawMode":0,"name":"Shaded","section":"Shading Mode"},"sceneLighting":false,"audioPlay":false,"sceneViewState":{"showFog":true,"showMaterialUpdate":true,"showSkybox":true,"showFlares":true,"showImageEffects":true,"showParticleSystems":true},"in2DMode":false,"pivot":{"x":0.04066021740436554,"y":0.13606984913349152,"z":0.010804340243339539},"rotation":{"x":-0.002136963652446866,"y":-0.9956421256065369,"z":0.09019248932600022,"w":-0.023610848933458329},"size":1.1851776838302613,"orthographic":false}