{"cameraMode":{"drawMode":0,"name":"Shaded","section":"Shading Mode"},"sceneLighting":false,"audioPlay":false,"sceneViewState":{"showFog":true,"showMaterialUpdate":true,"showSkybox":true,"showFlares":true,"showImageEffects":true,"showParticleSystems":true},"in2DMode":false,"pivot":{"x":-1.1920928955078126e-7,"y":-0.023845195770263673,"z":-0.08468186855316162},"rotation":{"x":-0.1376708447933197,"y":-0.590339720249176,"z":0.1030588448047638,"w":-0.7886219620704651},"size":4.651795387268066,"orthographic":false}