{"cameraMode":{"drawMode":0,"name":"Shaded","section":"Shading Mode"},"sceneLighting":true,"audioPlay":false,"sceneViewState":{"showFog":true,"showMaterialUpdate":true,"showSkybox":true,"showFlares":true,"showImageEffects":true,"showParticleSystems":true},"in2DMode":false,"pivot":{"x":-6.678924560546875,"y":1.247738242149353,"z":-6.38587760925293},"rotation":{"x":0.0029440796934068205,"y":0.9964786171913147,"z":-0.07373098284006119,"w":0.03981782868504524},"size":3.8786842823028566,"orthographic":false}