{"cameraMode":{"drawMode":0,"name":"Shaded","section":"Shading Mode"},"sceneLighting":false,"audioPlay":false,"sceneViewState":{"showFog":true,"showMaterialUpdate":true,"showSkybox":true,"showFlares":true,"showImageEffects":true,"showParticleSystems":true},"in2DMode":false,"pivot":{"x":-0.007784292101860046,"y":0.11499984562397003,"z":-0.007716193795204163},"rotation":{"x":-0.1376708447933197,"y":-0.590339720249176,"z":0.1030588448047638,"w":-0.7886219620704651},"size":0.8380101323127747,"orthographic":false}