{"cameraMode":{"drawMode":0,"name":"Shaded","section":"Shading Mode"},"sceneLighting":false,"audioPlay":false,"sceneViewState":{"showFog":true,"showMaterialUpdate":true,"showSkybox":true,"showFlares":true,"showImageEffects":true,"showParticleSystems":true},"in2DMode":false,"pivot":{"x":0.018909871578216554,"y":0.1551782190799713,"z":0.014695852994918824},"rotation":{"x":-0.1376708447933197,"y":-0.590339720249176,"z":0.1030588448047638,"w":-0.7886219620704651},"size":1.4245930910110474,"orthographic":false}